"","id","Year","Value"
"14541.1970",14541,1970,92
"119.1970",119,1970,250
"528.1970",528,1970,40
"8147.1970",8147,1970,0.35
"639.1970",639,1970,30
"28.1970",28,1970,9
"117.1970",117,1970,77
"578.1970",578,1970,0
"584.1970",584,1970,200
"589.1970",589,1970,482
"529.1970",529,1970,50
"526.1970",526,1970,50
"585.1970",585,1970,150
"527.1970",527,1970,100
"588.1970",588,1970,550
"579.1970",579,1970,0
"530.1970",530,1970,23
"5090.1970",5090,1970,1.3
"638.1970",638,1970,400
"533.1970",533,1970,400
"632.1970",632,1970,4205
"590.1970",590,1970,800
"531.1970",531,1970,1500
"577.1970",577,1970,0
"522.1970",522,1970,100
"525.1970",525,1970,100
"583.1970",583,1970,250
"523.1970",523,1970,0
"580.1970",580,1970,0
"581.1970",581,1970,150
"521.1970",521,1970,0
"576.1970",576,1970,0
"11049.1970",11049,1970,223
"5085.1970",5085,1970,0.2
"5086.1970",5086,1970,2.5
"627.1970",627,1970,10
"6166.1970",6166,1970,16.5
"3421.1970",3421,1970,0.6
"3488.1970",3488,1970,5.2
"5087.1970",5087,1970,2
"5088.1970",5088,1970,1.9
"604.1970",604,1970,8
"5895.1970",5895,1970,0.48
"5897.1970",5897,1970,0.61
"5894.1970",5894,1970,0.17
"5896.1970",5896,1970,0.25
"5893.1970",5893,1970,0.58
"5898.1970",5898,1970,23
"14541.1971",14541,1971,75
"8147.1971",8147,1971,0.5
"28.1971",28,1971,10
"5090.1971",5090,1971,1.6
"632.1971",632,1971,3962
"5085.1971",5085,1971,0.6
"5086.1971",5086,1971,4.8
"6166.1971",6166,1971,3
"3421.1971",3421,1971,0.135
"3488.1971",3488,1971,7
"5087.1971",5087,1971,2.1
"5088.1971",5088,1971,3.1
"604.1971",604,1971,7
"5895.1971",5895,1971,0.08
"5897.1971",5897,1971,0.35
"5894.1971",5894,1971,0.47
"5896.1971",5896,1971,0.6
"5893.1971",5893,1971,1.12
"5898.1971",5898,1971,30
"14541.1972",14541,1972,117
"3485.1972",3485,1972,25
"8147.1972",8147,1972,0.75
"28.1972",28,1972,9
"3427.1972",3427,1972,2500
"234.1972",234,1972,1827
"5085.1972",5085,1972,0.8
"5086.1972",5086,1972,2.8
"6166.1972",6166,1972,1
"3488.1972",3488,1972,7.5
"5087.1972",5087,1972,2
"5088.1972",5088,1972,0.5
"604.1972",604,1972,8
"5895.1972",5895,1972,0.63
"5897.1972",5897,1972,0.18
"5894.1972",5894,1972,0.43
"5896.1972",5896,1972,0.39
"5893.1972",5893,1972,1.17
"5898.1972",5898,1972,32
"14541.1973",14541,1973,175
"3485.1973",3485,1973,24
"3480.1973",3480,1973,0.78
"8147.1973",8147,1973,0.55
"28.1973",28,1973,11
"3479.1973",3479,1973,2.7
"117.1973",117,1973,42
"5090.1973",5090,1973,1.4
"632.1973",632,1973,3690
"5085.1973",5085,1973,0.25
"5086.1973",5086,1973,3.2
"6166.1973",6166,1973,1
"3421.1973",3421,1973,1
"3488.1973",3488,1973,5.35
"5087.1973",5087,1973,2
"5088.1973",5088,1973,0.3
"604.1973",604,1973,12
"5895.1973",5895,1973,1.38
"5897.1973",5897,1973,0.67
"5894.1973",5894,1973,1.33
"5896.1973",5896,1973,1.19
"5893.1973",5893,1973,1.7
"5898.1973",5898,1973,70
"14541.1974",14541,1974,136
"230.1974",230,1974,142
"229.1974",229,1974,180
"3485.1974",3485,1974,21
"3480.1974",3480,1974,0.87
"8147.1974",8147,1974,0.5
"28.1974",28,1974,20
"128.1974",128,1974,23
"3479.1974",3479,1974,2.6
"117.1974",117,1974,44
"5815.1974",5815,1974,118
"5816.1974",5816,1974,61
"5090.1974",5090,1974,1.6
"632.1974",632,1974,3761
"5085.1974",5085,1974,0.5
"5086.1974",5086,1974,2.3
"2356.1974",2356,1974,1
"6166.1974",6166,1974,6.5
"3421.1974",3421,1974,0.75
"3488.1974",3488,1974,4.1
"5087.1974",5087,1974,2.6
"5088.1974",5088,1974,0.7
"604.1974",604,1974,11
"5895.1974",5895,1974,1.4
"5897.1974",5897,1974,0.53
"5894.1974",5894,1974,1.4
"5896.1974",5896,1974,1.2
"5893.1974",5893,1974,1.65
"5898.1974",5898,1974,72
"14541.1975",14541,1975,137
"126.1975",126,1975,109
"3485.1975",3485,1975,16
"127.1975",127,1975,100
"3480.1975",3480,1975,0.42
"5373.1975",5373,1975,2.72
"119.1975",119,1975,220
"8147.1975",8147,1975,0.7
"28.1975",28,1975,31
"4914.1975",4914,1975,163
"128.1975",128,1975,30
"3479.1975",3479,1975,1.3
"117.1975",117,1975,59
"5815.1975",5815,1975,59
"5816.1975",5816,1975,0
"5090.1975",5090,1975,1
"632.1975",632,1975,3834
"636.1975",636,1975,500
"11051.1975",11051,1975,81
"11049.1975",11049,1975,299
"5085.1975",5085,1975,0.2
"5086.1975",5086,1975,0.9
"2356.1975",2356,1975,0.01
"6166.1975",6166,1975,22.5
"3421.1975",3421,1975,1.35
"3488.1975",3488,1975,3
"5087.1975",5087,1975,4.7
"604.1975",604,1975,13
"29.1975",29,1975,15000
"5895.1975",5895,1975,0.61
"5897.1975",5897,1975,0.4
"5894.1975",5894,1975,0.67
"5896.1975",5896,1975,0.27
"5893.1975",5893,1975,0.5
"5898.1975",5898,1975,24
"14541.1976",14541,1976,123
"3485.1976",3485,1976,22
"4916.1976",4916,1976,113
"3480.1976",3480,1976,1.62
"5373.1976",5373,1976,2.18
"8147.1976",8147,1976,0.7
"28.1976",28,1976,34
"41.1976",41,1976,488
"4914.1976",4914,1976,166
"128.1976",128,1976,29
"3479.1976",3479,1976,1.4
"117.1976",117,1976,30
"5815.1976",5815,1976,0
"5816.1976",5816,1976,0
"5090.1976",5090,1976,1.2
"632.1976",632,1976,4269
"118.1976",118,1976,600
"5085.1976",5085,1976,0.6
"5086.1976",5086,1976,3.5
"2356.1976",2356,1976,0.01
"6166.1976",6166,1976,2.5
"3488.1976",3488,1976,1.5
"5087.1976",5087,1976,3
"5088.1976",5088,1976,1
"124.1976",124,1976,25
"604.1976",604,1976,13
"5895.1976",5895,1976,0.5
"5894.1976",5894,1976,1.38
"5896.1976",5896,1976,0.23
"5893.1976",5893,1976,0.19
"5898.1976",5898,1976,20
"14541.1977",14541,1977,99
"9888.1977",9888,1977,4
"9864.1977",9864,1977,4
"3485.1977",3485,1977,13
"4916.1977",4916,1977,100
"5373.1977",5373,1977,2.33
"28.1977",28,1977,37
"4914.1977",4914,1977,189
"5249.1977",5249,1977,1650
"5250.1977",5250,1977,388
"5248.1977",5248,1977,2775
"128.1977",128,1977,27
"3479.1977",3479,1977,2
"117.1977",117,1977,26
"5815.1977",5815,1977,0
"5816.1977",5816,1977,23
"5090.1977",5090,1977,1.5
"5089.1977",5089,1977,0.2
"632.1977",632,1977,4609
"2233.1977",2233,1977,5625
"5085.1977",5085,1977,0.55
"5086.1977",5086,1977,1.2
"2356.1977",2356,1977,0.01
"6166.1977",6166,1977,0.5
"3421.1977",3421,1977,1.7
"3488.1977",3488,1977,2.5
"5087.1977",5087,1977,2.4
"5088.1977",5088,1977,1.2
"123.1977",123,1977,34
"604.1977",604,1977,15
"5895.1977",5895,1977,0.17
"5894.1977",5894,1977,2
"5896.1977",5896,1977,0.05
"5893.1977",5893,1977,0.08
"5898.1977",5898,1977,15
"3485.1978",3485,1978,27
"4916.1978",4916,1978,90
"127.1978",127,1978,73
"5373.1978",5373,1978,1.89
"8147.1978",8147,1978,0.45
"28.1978",28,1978,26
"4914.1978",4914,1978,176
"128.1978",128,1978,28
"3479.1978",3479,1978,2
"5814.1978",5814,1978,41
"5815.1978",5815,1978,78
"5816.1978",5816,1978,56
"5090.1978",5090,1978,1.2
"632.1978",632,1978,5204
"11048.1978",11048,1978,1000
"5085.1978",5085,1978,0.8
"5086.1978",5086,1978,0.9
"2356.1978",2356,1978,1
"6166.1978",6166,1978,0.5
"3421.1978",3421,1978,1.35
"3488.1978",3488,1978,3.6
"5087.1978",5087,1978,2.9
"123.1978",123,1978,30
"604.1978",604,1978,17
"5895.1978",5895,1978,0.88
"5897.1978",5897,1978,0.88
"5896.1978",5896,1978,1.01
"5893.1978",5893,1978,1.93
"5898.1978",5898,1978,60
"230.1979",230,1979,161
"229.1979",229,1979,205
"3485.1979",3485,1979,11
"4916.1979",4916,1979,85
"3480.1979",3480,1979,0.61
"5373.1979",5373,1979,2.28
"8147.1979",8147,1979,0.7
"28.1979",28,1979,27
"4914.1979",4914,1979,185
"128.1979",128,1979,31
"3479.1979",3479,1979,2.1
"117.1979",117,1979,22
"5814.1979",5814,1979,0
"5815.1979",5815,1979,0
"5816.1979",5816,1979,0
"632.1979",632,1979,5681
"234.1979",234,1979,3015
"627.1979",627,1979,12
"2356.1979",2356,1979,3
"6166.1979",6166,1979,0.5
"3421.1979",3421,1979,1
"3488.1979",3488,1979,1.6
"123.1979",123,1979,39
"604.1979",604,1979,15
"5895.1979",5895,1979,0.37
"5894.1979",5894,1979,1.6
"5896.1979",5896,1979,0.2
"5893.1979",5893,1979,1.33
"5898.1979",5898,1979,34
"5817.1979",5817,1979,85
"6128.1980",6128,1980,13.9
"11279.1980",11279,1980,10
"11280.1980",11280,1980,30
"3485.1980",3485,1980,42
"4916.1980",4916,1980,94
"3480.1980",3480,1980,1.21
"5373.1980",5373,1980,1.99
"119.1980",119,1980,350
"8147.1980",8147,1980,0.5
"28.1980",28,1980,29
"4914.1980",4914,1980,165
"128.1980",128,1980,36
"3479.1980",3479,1980,2
"117.1980",117,1980,17
"5814.1980",5814,1980,6
"5815.1980",5815,1980,24
"527.1980",527,1980,100
"519.1980",519,1980,150
"5816.1980",5816,1980,0
"532.1980",532,1980,100
"533.1980",533,1980,500
"632.1980",632,1980,6014
"531.1980",531,1980,2000
"522.1980",522,1980,250
"525.1980",525,1980,900
"523.1980",523,1980,0
"524.1980",524,1980,10
"520.1980",520,1980,1750
"521.1980",521,1980,0
"629.1980",629,1980,15
"11049.1980",11049,1980,401
"5085.1980",5085,1980,0.9
"5086.1980",5086,1980,2.6
"627.1980",627,1980,17
"2356.1980",2356,1980,1
"6166.1980",6166,1980,0
"5087.1980",5087,1980,1.5
"11281.1980",11281,1980,4
"11282.1980",11282,1980,3
"604.1980",604,1980,18
"11283.1980",11283,1980,3
"5895.1980",5895,1980,0.08
"5894.1980",5894,1980,0.17
"5896.1980",5896,1980,0.05
"5893.1980",5893,1980,0.33
"5898.1980",5898,1980,8
"5817.1980",5817,1980,90
"11279.1981",11279,1981,10
"11280.1981",11280,1981,32
"4955.1981",4955,1981,22
"11277.1981",11277,1981,62
"3485.1981",3485,1981,16
"4916.1981",4916,1981,99
"3480.1981",3480,1981,0.81
"5373.1981",5373,1981,1.75
"8147.1981",8147,1981,0.5
"28.1981",28,1981,38
"4914.1981",4914,1981,175
"128.1981",128,1981,41
"3479.1981",3479,1981,2.1
"117.1981",117,1981,18
"5814.1981",5814,1981,24
"5815.1981",5815,1981,80
"5816.1981",5816,1981,51
"5090.1981",5090,1981,1.7
"5089.1981",5089,1981,0.4
"632.1981",632,1981,6260
"10781.1981",10781,1981,16
"2356.1981",2356,1981,1
"6166.1981",6166,1981,2.5
"3421.1981",3421,1981,1.7
"3488.1981",3488,1981,4.1
"5087.1981",5087,1981,2.8
"5088.1981",5088,1981,0.6
"11281.1981",11281,1981,4
"11282.1981",11282,1981,4
"604.1981",604,1981,19
"11283.1981",11283,1981,4
"5817.1981",5817,1981,80
"10780.1981",10780,1981,12
"11279.1982",11279,1982,11
"11280.1982",11280,1982,34
"4955.1982",4955,1982,22
"11277.1982",11277,1982,67
"3485.1982",3485,1982,13
"4633.1982",4633,1982,4.1
"4916.1982",4916,1982,105
"3480.1982",3480,1982,0.97
"3478.1982",3478,1982,82
"5373.1982",5373,1982,1.84
"8147.1982",8147,1982,0.55
"28.1982",28,1982,43
"4914.1982",4914,1982,179
"128.1982",128,1982,42
"3479.1982",3479,1982,2.6
"117.1982",117,1982,16
"5814.1982",5814,1982,5
"5815.1982",5815,1982,111
"5816.1982",5816,1982,67
"632.1982",632,1982,6342
"631.1982",631,1982,70
"10781.1982",10781,1982,15
"4626.1982",4626,1982,9
"627.1982",627,1982,35
"2356.1982",2356,1982,5
"6166.1982",6166,1982,9.5
"11281.1982",11281,1982,4
"11282.1982",11282,1982,4
"604.1982",604,1982,18
"11283.1982",11283,1982,4
"5817.1982",5817,1982,115
"10780.1982",10780,1982,12
"11279.1983",11279,1983,10
"11280.1983",11280,1983,36
"4955.1983",4955,1983,15
"11277.1983",11277,1983,80
"3485.1983",3485,1983,12
"4633.1983",4633,1983,9.9
"4916.1983",4916,1983,115
"127.1983",127,1983,122
"3480.1983",3480,1983,0.29
"3478.1983",3478,1983,67
"5373.1983",5373,1983,1.12
"8147.1983",8147,1983,0.45
"28.1983",28,1983,44
"4914.1983",4914,1983,181
"128.1983",128,1983,42
"117.1983",117,1983,19
"5814.1983",5814,1983,0
"5815.1983",5815,1983,0
"5816.1983",5816,1983,4
"632.1983",632,1983,6534
"10781.1983",10781,1983,15
"4626.1983",4626,1983,9.5
"627.1983",627,1983,39
"2356.1983",2356,1983,0.01
"6166.1983",6166,1983,6
"11281.1983",11281,1983,2
"11282.1983",11282,1983,4
"604.1983",604,1983,16
"11283.1983",11283,1983,4
"5817.1983",5817,1983,120
"10780.1983",10780,1983,12
"11483.1984",11483,1984,18.44
"4955.1984",4955,1984,23
"230.1984",230,1984,201
"42.1984",42,1984,0.35
"3485.1984",3485,1984,13
"4633.1984",4633,1984,6.5
"4916.1984",4916,1984,77
"3480.1984",3480,1984,0.93
"3478.1984",3478,1984,47
"5373.1984",5373,1984,1.46
"8147.1984",8147,1984,0.5
"28.1984",28,1984,44
"4914.1984",4914,1984,229
"128.1984",128,1984,41
"117.1984",117,1984,28
"5814.1984",5814,1984,25
"5815.1984",5815,1984,0
"5816.1984",5816,1984,0
"632.1984",632,1984,6713
"591.1984",591,1984,700
"234.1984",234,1984,4005
"10781.1984",10781,1984,15
"4626.1984",4626,1984,10
"5085.1984",5085,1984,0.25
"5086.1984",5086,1984,1.8
"2356.1984",2356,1984,3
"6166.1984",6166,1984,3
"5087.1984",5087,1984,2
"5088.1984",5088,1984,0.5
"604.1984",604,1984,22
"29.1984",29,1984,25000
"5817.1984",5817,1984,130
"10780.1984",10780,1984,13
"11483.1985",11483,1985,12.03
"13287.1985",13287,1985,6
"598.1985",598,1985,35
"637.1985",637,1985,31
"4955.1985",4955,1985,20
"228.1985",228,1985,191
"229.1985",229,1985,239
"3485.1985",3485,1985,10
"4633.1985",4633,1985,5.1
"4916.1985",4916,1985,80
"3480.1985",3480,1985,0.69
"3478.1985",3478,1985,57
"119.1985",119,1985,400
"8147.1985",8147,1985,0.8
"28.1985",28,1985,57
"4914.1985",4914,1985,244
"128.1985",128,1985,42
"117.1985",117,1985,28
"5814.1985",5814,1985,45
"5815.1985",5815,1985,22
"5816.1985",5816,1985,6
"632.1985",632,1985,6837
"11051.1985",11051,1985,25
"11048.1985",11048,1985,800
"11049.1985",11049,1985,451
"492.1985",492,1985,1000
"10781.1985",10781,1985,16
"5085.1985",5085,1985,0.75
"5086.1985",5086,1985,2
"2356.1985",2356,1985,18
"6166.1985",6166,1985,12.5
"3421.1985",3421,1985,1.7
"3488.1985",3488,1985,2.8
"5087.1985",5087,1985,1
"5088.1985",5088,1985,0.2
"604.1985",604,1985,23
"11298.1985",11298,1985,30
"8081.1985",8081,1985,580
"5817.1985",5817,1985,140
"10780.1985",10780,1985,14
"11483.1986",11483,1986,11.31
"13287.1986",13287,1986,10
"4955.1986",4955,1986,27
"18306.1986",18306,1986,700
"42.1986",42,1986,0.11
"3485.1986",3485,1986,8
"4633.1986",4633,1986,2.9
"4916.1986",4916,1986,83
"3480.1986",3480,1986,0.56
"3478.1986",3478,1986,65
"6189.1986",6189,1986,53.5
"8147.1986",8147,1986,0.5
"28.1986",28,1986,50
"41.1986",41,1986,50
"4914.1986",4914,1986,204
"5249.1986",5249,1986,1588
"5250.1986",5250,1986,63
"5248.1986",5248,1986,4263
"128.1986",128,1986,41
"117.1986",117,1986,29
"5814.1986",5814,1986,0
"5815.1986",5815,1986,37
"5816.1986",5816,1986,13
"5090.1986",5090,1986,0.9
"632.1986",632,1986,6974
"3412.1986",3412,1986,17.8
"3486.1986",3486,1986,28
"118.1986",118,1986,350
"629.1986",629,1986,9
"10781.1986",10781,1986,12
"4626.1986",4626,1986,6.5
"5085.1986",5085,1986,0.1
"5086.1986",5086,1986,2.8
"3484.1986",3484,1986,49.5
"2356.1986",2356,1986,1
"6166.1986",6166,1986,19.5
"3415.1986",3415,1986,11
"3487.1986",3487,1986,45.5
"3421.1986",3421,1986,1
"3488.1986",3488,1986,6
"5087.1986",5087,1986,1.1
"5088.1986",5088,1986,0.4
"3419.1986",3419,1986,68.75
"3489.1986",3489,1986,68.75
"3416.1986",3416,1986,7
"3490.1986",3490,1986,42
"3413.1986",3413,1986,19
"3491.1986",3491,1986,15
"3414.1986",3414,1986,6.25
"3492.1986",3492,1986,48.5
"3417.1986",3417,1986,7.85
"3493.1986",3493,1986,51.5
"604.1986",604,1986,23
"11298.1986",11298,1986,28
"8081.1986",8081,1986,710
"3420.1986",3420,1986,57.3
"3494.1986",3494,1986,0
"5817.1986",5817,1986,130
"10780.1986",10780,1986,10
"11483.1987",11483,1987,10.27
"13287.1987",13287,1987,12
"22756.1987",22756,1987,20
"22822.1987",22822,1987,450
"22841.1987",22841,1987,3000
"22852.1987",22852,1987,160
"22758.1987",22758,1987,20
"22824.1987",22824,1987,200
"22843.1987",22843,1987,7800
"22854.1987",22854,1987,700
"10685.1987",10685,1987,45
"4955.1987",4955,1987,24
"42.1987",42,1987,0.145
"4594.1987",4594,1987,29
"3485.1987",3485,1987,4
"4633.1987",4633,1987,3.4
"4916.1987",4916,1987,89
"3480.1987",3480,1987,0.74
"3478.1987",3478,1987,63
"6189.1987",6189,1987,73
"8147.1987",8147,1987,0.5
"22757.1987",22757,1987,120
"22823.1987",22823,1987,550
"22842.1987",22842,1987,9200
"22853.1987",22853,1987,1050
"28.1987",28,1987,49
"4914.1987",4914,1987,213
"128.1987",128,1987,43
"22753.1987",22753,1987,750
"22819.1987",22819,1987,650
"22838.1987",22838,1987,13000
"22849.1987",22849,1987,240
"117.1987",117,1987,16
"22755.1987",22755,1987,80
"22821.1987",22821,1987,310
"22840.1987",22840,1987,4800
"22851.1987",22851,1987,300
"22761.1987",22761,1987,1000
"22827.1987",22827,1987,50
"22846.1987",22846,1987,13000
"22857.1987",22857,1987,1700
"5814.1987",5814,1987,3
"5815.1987",5815,1987,41
"22759.1987",22759,1987,550
"22825.1987",22825,1987,400
"22844.1987",22844,1987,7200
"22855.1987",22855,1987,1500
"5816.1987",5816,1987,5
"5090.1987",5090,1987,1.2
"5089.1987",5089,1987,0.1
"4837.1987",4837,1987,0.05
"4838.1987",4838,1987,1.25
"4839.1987",4839,1987,2
"4840.1987",4840,1987,0.72
"4842.1987",4842,1987,3.6
"632.1987",632,1987,7253
"22763.1987",22763,1987,2500
"22829.1987",22829,1987,10
"22848.1987",22848,1987,4400
"22859.1987",22859,1987,1650
"3412.1987",3412,1987,10
"3486.1987",3486,1987,29
"22760.1987",22760,1987,2000
"22826.1987",22826,1987,100
"22845.1987",22845,1987,40000
"22856.1987",22856,1987,3800
"4963.1987",4963,1987,30
"4363.1987",4363,1987,1
"10781.1987",10781,1987,9
"4626.1987",4626,1987,6.5
"5085.1987",5085,1987,1.25
"5086.1987",5086,1987,1.5
"3418.1987",3418,1987,11
"3484.1987",3484,1987,19.5
"2356.1987",2356,1987,4
"6166.1987",6166,1987,34.5
"22754.1987",22754,1987,90
"22820.1987",22820,1987,270
"22839.1987",22839,1987,6300
"22850.1987",22850,1987,80
"3415.1987",3415,1987,15
"3487.1987",3487,1987,35.5
"3421.1987",3421,1987,3.5
"3488.1987",3488,1987,3.5
"3419.1987",3419,1987,75
"3489.1987",3489,1987,75
"3416.1987",3416,1987,14
"3490.1987",3490,1987,36.5
"3413.1987",3413,1987,16
"3491.1987",3491,1987,29
"3414.1987",3414,1987,13
"3492.1987",3492,1987,62.5
"22762.1987",22762,1987,500
"22828.1987",22828,1987,50
"22847.1987",22847,1987,12000
"22858.1987",22858,1987,1150
"3417.1987",3417,1987,4.8
"3493.1987",3493,1987,55.5
"604.1987",604,1987,27
"11298.1987",11298,1987,26
"3420.1987",3420,1987,31.25
"3494.1987",3494,1987,14
"10782.1987",10782,1987,510
"8076.1987",8076,1987,1215
"5817.1987",5817,1987,145
"10780.1987",10780,1987,8
"11483.1988",11483,1988,17.55
"13287.1988",13287,1988,15
"4955.1988",4955,1988,15
"18306.1988",18306,1988,525
"42.1988",42,1988,0.155
"4594.1988",4594,1988,45
"3485.1988",3485,1988,22
"8103.1988",8103,1988,0
"4633.1988",4633,1988,2.9
"4916.1988",4916,1988,95
"127.1988",127,1988,100
"3480.1988",3480,1988,0.66
"3478.1988",3478,1988,54
"6189.1988",6189,1988,110
"8147.1988",8147,1988,0.5
"28.1988",28,1988,68
"4914.1988",4914,1988,200
"128.1988",128,1988,43
"117.1988",117,1988,22
"5814.1988",5814,1988,14
"5815.1988",5815,1988,5
"5816.1988",5816,1988,9
"5090.1988",5090,1988,3.4
"4837.1988",4837,1988,0.04
"4838.1988",4838,1988,1.05
"4839.1988",4839,1988,1.3
"4840.1988",4840,1988,0.33
"4842.1988",4842,1988,2.6
"632.1988",632,1988,7780
"3412.1988",3412,1988,14.3
"3486.1988",3486,1988,7
"4963.1988",4963,1988,40
"4363.1988",4363,1988,2.2
"2233.1988",2233,1988,4000
"10781.1988",10781,1988,8
"4626.1988",4626,1988,3
"5085.1988",5085,1988,1
"5086.1988",5086,1988,5.8
"3418.1988",3418,1988,10.35
"3484.1988",3484,1988,45
"2356.1988",2356,1988,4
"6166.1988",6166,1988,19
"18761.1988",18761,1988,2.7948
"18771.1988",18771,1988,8.1114
"3415.1988",3415,1988,5.85
"3487.1988",3487,1988,47
"3421.1988",3421,1988,1.35
"3488.1988",3488,1988,4.75
"3419.1988",3419,1988,68.75
"3489.1988",3489,1988,68.75
"3416.1988",3416,1988,10
"3490.1988",3490,1988,57
"3413.1988",3413,1988,15
"3491.1988",3491,1988,36
"3414.1988",3414,1988,8
"3492.1988",3492,1988,64.5
"123.1988",123,1988,32
"3417.1988",3417,1988,10
"3493.1988",3493,1988,78
"604.1988",604,1988,25
"11298.1988",11298,1988,26
"3420.1988",3420,1988,17.5
"3494.1988",3494,1988,35.5
"8076.1988",8076,1988,1188
"5817.1988",5817,1988,165
"10780.1988",10780,1988,7
"11483.1989",11483,1989,10.27
"13287.1989",13287,1989,19
"11486.1989",11486,1989,11.89
"4955.1989",4955,1989,24
"42.1989",42,1989,0.12
"43.1989",43,1989,1.08
"4594.1989",4594,1989,45
"3485.1989",3485,1989,21
"8103.1989",8103,1989,1
"4633.1989",4633,1989,2.2
"4916.1989",4916,1989,85
"127.1989",127,1989,80
"3480.1989",3480,1989,0.98
"3478.1989",3478,1989,53
"14539.1989",14539,1989,20
"6189.1989",6189,1989,121.5
"8147.1989",8147,1989,0.54
"28.1989",28,1989,56
"4914.1989",4914,1989,202
"128.1989",128,1989,38
"10733.1989",10733,1989,8.25
"117.1989",117,1989,18
"5814.1989",5814,1989,40
"5815.1989",5815,1989,26
"5816.1989",5816,1989,0
"5090.1989",5090,1989,1.3
"4837.1989",4837,1989,0.025
"4838.1989",4838,1989,0.6
"4839.1989",4839,1989,1.2
"4840.1989",4840,1989,0.32
"4842.1989",4842,1989,3.1
"632.1989",632,1989,7770
"3412.1989",3412,1989,46.45
"3486.1989",3486,1989,66
"4963.1989",4963,1989,40
"234.1989",234,1989,4334
"4363.1989",4363,1989,4.2
"10732.1989",10732,1989,3.95
"11491.1989",11491,1989,1.62
"10781.1989",10781,1989,9
"4626.1989",4626,1989,5
"3418.1989",3418,1989,11
"3484.1989",3484,1989,40
"2356.1989",2356,1989,8
"6166.1989",6166,1989,17
"18761.1989",18761,1989,4.4727
"18771.1989",18771,1989,13.9254
"3415.1989",3415,1989,21
"3487.1989",3487,1989,37.5
"3419.1989",3419,1989,72
"3489.1989",3489,1989,72
"11490.1989",11490,1989,5.15
"10778.1989",10778,1989,2
"3416.1989",3416,1989,9
"3490.1989",3490,1989,63
"3413.1989",3413,1989,15
"3491.1989",3491,1989,38
"3414.1989",3414,1989,18
"3492.1989",3492,1989,45
"3417.1989",3417,1989,6
"3493.1989",3493,1989,75
"604.1989",604,1989,23
"11298.1989",11298,1989,22
"3420.1989",3420,1989,7.5
"3494.1989",3494,1989,42
"8076.1989",8076,1989,1294
"5817.1989",5817,1989,142
"10780.1989",10780,1989,8
"11483.1990",11483,1990,14.91
"13287.1990",13287,1990,16
"11486.1990",11486,1990,22.31
"6128.1990",6128,1990,7.8
"22756.1990",22756,1990,20
"22822.1990",22822,1990,450
"22841.1990",22841,1990,3000
"22852.1990",22852,1990,160
"9888.1990",9888,1990,0
"9864.1990",9864,1990,0
"22758.1990",22758,1990,20
"22824.1990",22824,1990,200
"22843.1990",22843,1990,7800
"22854.1990",22854,1990,800
"5813.1990",5813,1990,0.15
"5899.1990",5899,1990,0.029
"5901.1990",5901,1990,0.115
"5902.1990",5902,1990,0.122
"637.1990",637,1990,37
"10705.1990",10705,1990,2.2
"4955.1990",4955,1990,15
"230.1990",230,1990,212
"228.1990",228,1990,221
"229.1990",229,1990,284
"18306.1990",18306,1990,455
"42.1990",42,1990,0.07
"43.1990",43,1990,0.52
"4594.1990",4594,1990,29
"3485.1990",3485,1990,19
"8103.1990",8103,1990,2
"4633.1990",4633,1990,4.9
"4916.1990",4916,1990,90
"3480.1990",3480,1990,0.94
"3478.1990",3478,1990,61
"14539.1990",14539,1990,37
"6189.1990",6189,1990,150
"119.1990",119,1990,350
"8147.1990",8147,1990,0.48
"22757.1990",22757,1990,120
"22823.1990",22823,1990,550
"22842.1990",22842,1990,9200
"22853.1990",22853,1990,1150
"28.1990",28,1990,49
"4914.1990",4914,1990,186
"128.1990",128,1990,36
"22753.1990",22753,1990,600
"22819.1990",22819,1990,550
"22838.1990",22838,1990,13000
"22849.1990",22849,1990,240
"10733.1990",10733,1990,12.86
"117.1990",117,1990,31
"22755.1990",22755,1990,100
"22821.1990",22821,1990,600
"22840.1990",22840,1990,5000
"22851.1990",22851,1990,500
"22761.1990",22761,1990,1250
"22827.1990",22827,1990,75
"22846.1990",22846,1990,13000
"22857.1990",22857,1990,3000
"5814.1990",5814,1990,6
"5815.1990",5815,1990,74
"22759.1990",22759,1990,800
"22825.1990",22825,1990,430
"22844.1990",22844,1990,7200
"22855.1990",22855,1990,1500
"5816.1990",5816,1990,10
"4837.1990",4837,1990,0.06
"4838.1990",4838,1990,1.75
"4839.1990",4839,1990,2.1
"4840.1990",4840,1990,0.49
"4842.1990",4842,1990,5
"632.1990",632,1990,7422
"22763.1990",22763,1990,2500
"22829.1990",22829,1990,10
"22848.1990",22848,1990,4400
"22859.1990",22859,1990,1650
"3412.1990",3412,1990,35
"3486.1990",3486,1990,53
"22760.1990",22760,1990,2000
"22826.1990",22826,1990,100
"22845.1990",22845,1990,40000
"22856.1990",22856,1990,4300
"11051.1990",11051,1990,12
"4963.1990",4963,1990,55
"11049.1990",11049,1990,455
"4363.1990",4363,1990,9.5
"3482.1990",3482,1990,200
"10732.1990",10732,1990,6.51
"11491.1990",11491,1990,3.33
"507.1990",507,1990,6.6
"4626.1990",4626,1990,7
"3418.1990",3418,1990,11
"3484.1990",3484,1990,49.5
"2356.1990",2356,1990,6
"6166.1990",6166,1990,19.5
"18761.1990",18761,1990,8.0194
"18771.1990",18771,1990,22.641
"22754.1990",22754,1990,100
"22820.1990",22820,1990,300
"22839.1990",22839,1990,6300
"22850.1990",22850,1990,100
"3415.1990",3415,1990,17
"3487.1990",3487,1990,54.5
"3419.1990",3419,1990,83
"3489.1990",3489,1990,83
"11490.1990",11490,1990,9.4
"508.1990",508,1990,0.74
"10778.1990",10778,1990,2
"509.1990",509,1990,3.7
"3416.1990",3416,1990,7
"3490.1990",3490,1990,54
"3413.1990",3413,1990,25.125
"3491.1990",3491,1990,44
"3414.1990",3414,1990,18
"3492.1990",3492,1990,63
"22762.1990",22762,1990,500
"22828.1990",22828,1990,25
"22847.1990",22847,1990,10000
"22858.1990",22858,1990,1150
"3417.1990",3417,1990,6
"3493.1990",3493,1990,75
"604.1990",604,1990,21
"11298.1990",11298,1990,29
"511.1990",511,1990,6.6
"3420.1990",3420,1990,12.5
"3494.1990",3494,1990,18.75
"8076.1990",8076,1990,1068
"10780.1990",10780,1990,9
"11483.1991",11483,1991,8.9
"13287.1991",13287,1991,15
"11486.1991",11486,1991,22.54
"9888.1991",9888,1991,0
"9864.1991",9864,1991,1
"10705.1991",10705,1991,1.3
"4955.1991",4955,1991,24
"18306.1991",18306,1991,150
"42.1991",42,1991,0.075
"43.1991",43,1991,0.44
"4594.1991",4594,1991,48
"3485.1991",3485,1991,29
"8103.1991",8103,1991,0
"4633.1991",4633,1991,4.4
"4916.1991",4916,1991,76
"3480.1991",3480,1991,2.59
"3478.1991",3478,1991,87
"14539.1991",14539,1991,40
"6189.1991",6189,1991,150.5
"8147.1991",8147,1991,0.47
"28.1991",28,1991,38
"4914.1991",4914,1991,208
"10733.1991",10733,1991,12.29
"117.1991",117,1991,31
"5814.1991",5814,1991,0
"5815.1991",5815,1991,51
"515.1991",515,1991,0.315
"633.1991",633,1991,2.2
"5816.1991",5816,1991,9
"518.1991",518,1991,0.728
"635.1991",635,1991,5
"4837.1991",4837,1991,0.07
"4838.1991",4838,1991,1.25
"4839.1991",4839,1991,2
"4840.1991",4840,1991,0.41
"4842.1991",4842,1991,4.9
"632.1991",632,1991,6880
"3412.1991",3412,1991,26.35
"3486.1991",3486,1991,8
"636.1991",636,1991,670
"22721.1991",22721,1991,790
"4963.1991",4963,1991,50
"3483.1991",3483,1991,225
"4363.1991",4363,1991,17.5
"10732.1991",10732,1991,3.98
"11491.1991",11491,1991,4.1
"506.1991",506,1991,0.35
"507.1991",507,1991,5.18
"4626.1991",4626,1991,6.5
"3418.1991",3418,1991,29
"3484.1991",3484,1991,64.5
"627.1991",627,1991,14
"2356.1991",2356,1991,4
"6166.1991",6166,1991,20.5
"18761.1991",18761,1991,18.8348
"18771.1991",18771,1991,53.9478
"3415.1991",3415,1991,21
"3487.1991",3487,1991,60
"3419.1991",3419,1991,78.5
"3489.1991",3489,1991,78.5
"11490.1991",11490,1991,4.06
"10778.1991",10778,1991,5
"3416.1991",3416,1991,17.5
"3490.1991",3490,1991,60
"3413.1991",3413,1991,33.6
"3491.1991",3491,1991,30
"3414.1991",3414,1991,24
"3492.1991",3492,1991,54
"3417.1991",3417,1991,18.75
"3493.1991",3493,1991,83
"604.1991",604,1991,23
"11298.1991",11298,1991,19
"511.1991",511,1991,7.4
"3420.1991",3420,1991,31.25
"3494.1991",3494,1991,16
"29.1991",29,1991,10500
"8076.1991",8076,1991,1037
"10780.1991",10780,1991,9
"3481.1991",3481,1991,49
"11483.1992",11483,1992,13.11
"13287.1992",13287,1992,12
"11486.1992",11486,1992,16.13
"9888.1992",9888,1992,0
"9864.1992",9864,1992,0
"5813.1992",5813,1992,0.086
"5899.1992",5899,1992,0.096
"5901.1992",5901,1992,0.134
"5902.1992",5902,1992,0.148
"10705.1992",10705,1992,1.5
"4955.1992",4955,1992,19
"18306.1992",18306,1992,238
"42.1992",42,1992,0.145
"43.1992",43,1992,0.1
"4594.1992",4594,1992,11
"3485.1992",3485,1992,12
"8103.1992",8103,1992,0
"4633.1992",4633,1992,5.1
"4916.1992",4916,1992,78
"3480.1992",3480,1992,2.97
"3478.1992",3478,1992,67
"14539.1992",14539,1992,3
"6189.1992",6189,1992,141.5
"8147.1992",8147,1992,0.53
"28.1992",28,1992,35
"4914.1992",4914,1992,215
"10733.1992",10733,1992,10.42
"510.1992",510,1992,0.35
"117.1992",117,1992,0
"626.1992",626,1992,700
"5814.1992",5814,1992,15
"5815.1992",5815,1992,0
"5816.1992",5816,1992,27
"5090.1992",5090,1992,1.1
"5089.1992",5089,1992,0.1
"4837.1992",4837,1992,0.075
"4838.1992",4838,1992,2.6
"4839.1992",4839,1992,3
"4840.1992",4840,1992,0.42
"4842.1992",4842,1992,6.2
"632.1992",632,1992,6653
"3412.1992",3412,1992,18.75
"3486.1992",3486,1992,23
"11048.1992",11048,1992,450
"629.1992",629,1992,8
"4963.1992",4963,1992,60
"4363.1992",4363,1992,17.6
"10732.1992",10732,1992,3.69
"11491.1992",11491,1992,3.16
"506.1992",506,1992,0.74
"4626.1992",4626,1992,5.5
"5085.1992",5085,1992,1.5
"5086.1992",5086,1992,3.5
"3418.1992",3418,1992,29
"3484.1992",3484,1992,56
"2356.1992",2356,1992,2
"6166.1992",6166,1992,11
"18761.1992",18761,1992,20.7213
"18771.1992",18771,1992,35.9275
"3415.1992",3415,1992,22
"3487.1992",3487,1992,62
"3421.1992",3421,1992,3.5
"3488.1992",3488,1992,3.6
"5087.1992",5087,1992,3.5
"5088.1992",5088,1992,0.3
"3419.1992",3419,1992,71
"3489.1992",3489,1992,71
"11490.1992",11490,1992,4.46
"508.1992",508,1992,0.35
"10778.1992",10778,1992,4
"509.1992",509,1992,3.7
"3416.1992",3416,1992,6.25
"3490.1992",3490,1992,77.5
"3413.1992",3413,1992,27.73
"3491.1992",3491,1992,50.5
"3414.1992",3414,1992,25
"3492.1992",3492,1992,60
"3417.1992",3417,1992,7
"3493.1992",3493,1992,81.25
"6188.1992",6188,1992,0.88
"604.1992",604,1992,29
"11298.1992",11298,1992,28
"3420.1992",3420,1992,36.125
"3494.1992",3494,1992,20
"8076.1992",8076,1992,970
"10780.1992",10780,1992,7
"11483.1993",11483,1993,16.12
"13287.1993",13287,1993,9
"13245.1993",13245,1993,13
"11486.1993",11486,1993,13.61
"6128.1993",6128,1993,25.8
"9888.1993",9888,1993,2
"9864.1993",9864,1993,2
"10705.1993",10705,1993,0.9
"4955.1993",4955,1993,15
"3485.1993",3485,1993,14
"8103.1993",8103,1993,1
"4916.1993",4916,1993,72
"3480.1993",3480,1993,0.74
"3478.1993",3478,1993,72
"14539.1993",14539,1993,5
"6189.1993",6189,1993,140.5
"8147.1993",8147,1993,0.41
"28.1993",28,1993,35
"4914.1993",4914,1993,215
"10733.1993",10733,1993,10.56
"510.1993",510,1993,0.74
"2357.1993",2357,1993,2
"5814.1993",5814,1993,13
"5815.1993",5815,1993,10
"515.1993",515,1993,0.618
"633.1993",633,1993,2
"5816.1993",5816,1993,0
"5090.1993",5090,1993,4.3
"5089.1993",5089,1993,0.2
"518.1993",518,1993,0.825
"635.1993",635,1993,4.6
"4837.1993",4837,1993,0.145
"4838.1993",4838,1993,2.7
"4839.1993",4839,1993,2.9
"4840.1993",4840,1993,0.4
"4842.1993",4842,1993,5.6
"632.1993",632,1993,6337
"3412.1993",3412,1993,26
"3486.1993",3486,1993,39
"10776.1993",10776,1993,518
"4963.1993",4963,1993,58
"234.1993",234,1993,3750
"4363.1993",4363,1993,1.6
"10732.1993",10732,1993,3.93
"11491.1993",11491,1993,2.53
"506.1993",506,1993,0.74
"507.1993",507,1993,5.92
"4626.1993",4626,1993,4.5
"5085.1993",5085,1993,1.7
"5086.1993",5086,1993,4.4
"3418.1993",3418,1993,29
"3484.1993",3484,1993,42
"2356.1993",2356,1993,9
"18761.1993",18761,1993,4.3308
"18771.1993",18771,1993,13.9696
"13244.1993",13244,1993,51
"3415.1993",3415,1993,23
"3487.1993",3487,1993,62
"3421.1993",3421,1993,3.25
"3488.1993",3488,1993,3.43
"5087.1993",5087,1993,3.3
"5088.1993",5088,1993,0.5
"3419.1993",3419,1993,71
"3489.1993",3489,1993,71
"11490.1993",11490,1993,3.67
"10778.1993",10778,1993,10
"509.1993",509,1993,4.4
"3416.1993",3416,1993,12.5
"3490.1993",3490,1993,85
"3413.1993",3413,1993,16
"3491.1993",3491,1993,49
"3414.1993",3414,1993,15.8
"3492.1993",3492,1993,45
"3417.1993",3417,1993,20
"3493.1993",3493,1993,77
"6188.1993",6188,1993,0.7025
"604.1993",604,1993,28
"11298.1993",11298,1993,22
"511.1993",511,1993,8.8
"3420.1993",3420,1993,19.8
"3494.1993",3494,1993,17
"12685.1993",12685,1993,0.7505
"8076.1993",8076,1993,1233
"10780.1993",10780,1993,7
"3481.1993",3481,1993,25
"11483.1994",11483,1994,8.26
"13287.1994",13287,1994,11
"11486.1994",11486,1994,14.52
"6128.1994",6128,1994,37
"9888.1994",9888,1994,0
"9864.1994",9864,1994,0
"5813.1994",5813,1994,0.058
"5899.1994",5899,1994,0.124
"5901.1994",5901,1994,0.093
"5902.1994",5902,1994,0.153
"10705.1994",10705,1994,1.6
"4955.1994",4955,1994,13
"18306.1994",18306,1994,125
"42.1994",42,1994,0.045
"3485.1994",3485,1994,12
"8103.1994",8103,1994,1
"4633.1994",4633,1994,3.3
"4916.1994",4916,1994,54
"3480.1994",3480,1994,1.75
"6189.1994",6189,1994,103.5
"8147.1994",8147,1994,0.4
"28.1994",28,1994,45
"4914.1994",4914,1994,223
"10733.1994",10733,1994,9.93
"2357.1994",2357,1994,4
"4837.1994",4837,1994,0.02
"4838.1994",4838,1994,3.1
"4839.1994",4839,1994,2.5
"4840.1994",4840,1994,0.42
"4842.1994",4842,1994,5
"3412.1994",3412,1994,12.5
"3486.1994",3486,1994,34
"10776.1994",10776,1994,473
"4963.1994",4963,1994,65
"4363.1994",4363,1994,0.8
"3482.1994",3482,1994,130
"10732.1994",10732,1994,2.7
"11491.1994",11491,1994,1.75
"506.1994",506,1994,0.35
"507.1994",507,1994,4.4
"4626.1994",4626,1994,2
"3418.1994",3418,1994,25
"3484.1994",3484,1994,40
"2356.1994",2356,1994,12
"18761.1994",18761,1994,0.4021
"18771.1994",18771,1994,4.8616
"13244.1994",13244,1994,91
"3415.1994",3415,1994,17
"3487.1994",3487,1994,60
"3419.1994",3419,1994,69.5
"3489.1994",3489,1994,69.5
"11490.1994",11490,1994,2.65
"508.1994",508,1994,0.35
"10778.1994",10778,1994,8
"509.1994",509,1994,2.2
"3416.1994",3416,1994,14.5
"3490.1994",3490,1994,81.25
"3413.1994",3413,1994,15
"3491.1994",3491,1994,44.5
"3414.1994",3414,1994,26.3
"3492.1994",3492,1994,73
"3417.1994",3417,1994,6
"3493.1994",3493,1994,75
"6188.1994",6188,1994,0.7925
"511.1994",511,1994,8.14
"3420.1994",3420,1994,24.8
"3494.1994",3494,1994,16
"12685.1994",12685,1994,0.2018
"8076.1994",8076,1994,1028
"10780.1994",10780,1994,5
"11483.1995",11483,1995,8.92
"13287.1995",13287,1995,9
"13245.1995",13245,1995,36
"11486.1995",11486,1995,15.55
"9888.1995",9888,1995,5
"9864.1995",9864,1995,0
"10705.1995",10705,1995,3.6
"11050.1995",11050,1995,7
"4955.1995",4955,1995,7
"230.1995",230,1995,268
"229.1995",229,1995,304
"126.1995",126,1995,103
"42.1995",42,1995,0.025
"3485.1995",3485,1995,10
"8032.1995",8032,1995,0.15
"8103.1995",8103,1995,0
"4916.1995",4916,1995,46
"6189.1995",6189,1995,99.5
"119.1995",119,1995,500
"8147.1995",8147,1995,0.34
"4914.1995",4914,1995,153
"510.1995",510,1995,0.35
"2357.1995",2357,1995,6
"17833.1995",17833,1995,0.58
"515.1995",515,1995,0.53
"633.1995",633,1995,1.5
"10765.1995",10765,1995,30
"518.1995",518,1995,0.879
"635.1995",635,1995,4.2
"4837.1995",4837,1995,0.9
"4838.1995",4838,1995,3.1
"4839.1995",4839,1995,2.45
"4840.1995",4840,1995,0.65
"4842.1995",4842,1995,5.5
"3412.1995",3412,1995,7
"3486.1995",3486,1995,45
"10776.1995",10776,1995,445
"4963.1995",4963,1995,100
"11049.1995",11049,1995,430
"3422.1995",3422,1995,56
"10755.1995",10755,1995,26
"11491.1995",11491,1995,1.9
"506.1995",506,1995,0.74
"507.1995",507,1995,3.7
"2232.1995",2232,1995,2200
"4626.1995",4626,1995,7.5
"3418.1995",3418,1995,60.75
"3484.1995",3484,1995,37.5
"2356.1995",2356,1995,4
"18761.1995",18761,1995,7.2722
"18771.1995",18771,1995,10.6756
"13244.1995",13244,1995,134
"3415.1995",3415,1995,23.5
"3487.1995",3487,1995,47.5
"3419.1995",3419,1995,62.5
"3489.1995",3489,1995,62.5
"11490.1995",11490,1995,4.86
"508.1995",508,1995,0
"10778.1995",10778,1995,4
"509.1995",509,1995,0.74
"3416.1995",3416,1995,7
"3490.1995",3490,1995,72
"3413.1995",3413,1995,23.87
"3491.1995",3491,1995,43
"3414.1995",3414,1995,13
"3492.1995",3492,1995,60
"3417.1995",3417,1995,10
"3493.1995",3493,1995,83
"11479.1995",11479,1995,1.22
"6188.1995",6188,1995,0.575
"11298.1995",11298,1995,26
"511.1995",511,1995,7.4
"3420.1995",3420,1995,25.125
"3494.1995",3494,1995,17.5
"12685.1995",12685,1995,0.4022
"8076.1995",8076,1995,1237
"10780.1995",10780,1995,5
"8221.1995",8221,1995,0
"11483.1996",11483,1996,12.55
"13287.1996",13287,1996,8
"13245.1996",13245,1996,19
"11486.1996",11486,1996,14.29
"6128.1996",6128,1996,0.7
"9888.1996",9888,1996,0
"9864.1996",9864,1996,4
"10705.1996",10705,1996,2.1
"11050.1996",11050,1996,7
"4955.1996",4955,1996,7
"42.1996",42,1996,0.09
"43.1996",43,1996,0.22
"4594.1996",4594,1996,14
"3485.1996",3485,1996,14
"8103.1996",8103,1996,0
"4916.1996",4916,1996,46
"12914.1996",12914,1996,7.4
"6189.1996",6189,1996,117.5
"8147.1996",8147,1996,0.34
"4914.1996",4914,1996,180
"510.1996",510,1996,0.74
"2357.1996",2357,1996,0.01
"17833.1996",17833,1996,0.49
"4837.1996",4837,1996,0.06
"4838.1996",4838,1996,4.1
"4839.1996",4839,1996,2.25
"4840.1996",4840,1996,0.55
"4842.1996",4842,1996,5.5
"3427.1996",3427,1996,6000
"636.1996",636,1996,1000
"233.1996",233,1996,450
"10776.1996",10776,1996,407
"4963.1996",4963,1996,150
"605.1996",605,1996,445
"3483.1996",3483,1996,289
"3482.1996",3482,1996,192
"11491.1996",11491,1996,1.42
"506.1996",506,1996,0.74
"507.1996",507,1996,4.44
"10781.1996",10781,1996,5
"2356.1996",2356,1996,2
"18761.1996",18761,1996,17.6724
"18771.1996",18771,1996,14.8317
"13244.1996",13244,1996,155
"11490.1996",11490,1996,4.63
"10778.1996",10778,1996,5
"12912.1996",12912,1996,6.7
"6188.1996",6188,1996,0.5975
"11298.1996",11298,1996,34
"511.1996",511,1996,8.14
"12685.1996",12685,1996,0.6924
"8076.1996",8076,1996,1039
"10780.1996",10780,1996,5
"3481.1996",3481,1996,87
"8221.1996",8221,1996,4
"11483.1997",11483,1997,6.79
"13287.1997",13287,1997,5
"11485.1997",11485,1997,0.9
"13245.1997",13245,1997,24
"11486.1997",11486,1997,11.89
"9888.1997",9888,1997,7
"9864.1997",9864,1997,7
"10705.1997",10705,1997,3
"11050.1997",11050,1997,7
"42.1997",42,1997,0.12
"43.1997",43,1997,0.26
"4594.1997",4594,1997,21
"3485.1997",3485,1997,56
"8103.1997",8103,1997,0
"4916.1997",4916,1997,51
"12914.1997",12914,1997,13.9
"6189.1997",6189,1997,102
"11294.1997",11294,1997,6.4
"8147.1997",8147,1997,0.26
"4914.1997",4914,1997,195
"510.1997",510,1997,0.74
"2357.1997",2357,1997,0
"17833.1997",17833,1997,2.28
"515.1997",515,1997,0.5
"633.1997",633,1997,1.4
"10493.1997",10493,1997,0.44
"232.1997",232,1997,625
"518.1997",518,1997,0.8
"635.1997",635,1997,4.5
"4837.1997",4837,1997,0.11
"4838.1997",4838,1997,3.1
"4839.1997",4839,1997,2
"4840.1997",4840,1997,0.25
"4842.1997",4842,1997,5.4
"118.1997",118,1997,750
"233.1997",233,1997,450
"10776.1997",10776,1997,396
"4963.1997",4963,1997,210
"234.1997",234,1997,3508
"3422.1997",3422,1997,70
"11491.1997",11491,1997,2.19
"506.1997",506,1997,0.74
"507.1997",507,1997,2.96
"10781.1997",10781,1997,7
"2356.1997",2356,1997,6
"18761.1997",18761,1997,34.0959
"18771.1997",18771,1997,27.4849
"13244.1997",13244,1997,184
"11490.1997",11490,1997,5.18
"508.1997",508,1997,0.35
"10778.1997",10778,1997,5
"509.1997",509,1997,1.48
"12912.1997",12912,1997,4.3
"6188.1997",6188,1997,0.7025
"11298.1997",11298,1997,41
"511.1997",511,1997,7.4
"12685.1997",12685,1997,0.134
"11292.1997",11292,1997,3.1
"8076.1997",8076,1997,1056
"10780.1997",10780,1997,5
"8221.1997",8221,1997,1
"11483.1998",11483,1998,4.69
"13287.1998",13287,1998,3
"11485.1998",11485,1998,0.7
"11012.1998",11012,1998,3
"11486.1998",11486,1998,22.88
"9888.1998",9888,1998,0
"9864.1998",9864,1998,7
"11010.1998",11010,1998,6
"11021.1998",11021,1998,6
"11018.1998",11018,1998,2
"10705.1998",10705,1998,0.5
"11050.1998",11050,1998,8
"8485.1998",8485,1998,13.3
"4594.1998",4594,1998,24
"8103.1998",8103,1998,1
"11756.1998",11756,1998,0.028172
"11758.1998",11758,1998,0.084515
"11760.1998",11760,1998,0.056343
"11761.1998",11761,1998,0.084515
"11775.1998",11775,1998,0.338061
"11776.1998",11776,1998,0.056343
"11772.1998",11772,1998,0.197202
"6189.1998",6189,1998,87
"11294.1998",11294,1998,12.5
"4914.1998",4914,1998,234
"510.1998",510,1998,0.74
"2357.1998",2357,1998,1
"17833.1998",17833,1998,1.54
"595.1998",595,1998,0.26
"10493.1998",10493,1998,0.51
"232.1998",232,1998,500
"597.1998",597,1998,0.97
"4837.1998",4837,1998,0.1
"4838.1998",4838,1998,3
"4839.1998",4839,1998,1.9
"4840.1998",4840,1998,0.2
"4842.1998",4842,1998,5
"631.1998",631,1998,85
"628.1998",628,1998,515
"2364.1998",2364,1998,3
"233.1998",233,1998,450
"10776.1998",10776,1998,362
"4963.1998",4963,1998,270
"11014.1998",11014,1998,4
"11017.1998",11017,1998,3
"22764.1998",22764,1998,12
"11491.1998",11491,1998,2.03
"506.1998",506,1998,0.74
"507.1998",507,1998,2.96
"10781.1998",10781,1998,13
"2232.1998",2232,1998,3500
"2356.1998",2356,1998,7
"11011.1998",11011,1998,8
"11016.1998",11016,1998,3
"18761.1998",18761,1998,39.9283
"18771.1998",18771,1998,53.8173
"11009.1998",11009,1998,8
"11008.1998",11008,1998,10
"11020.1998",11020,1998,3
"11490.1998",11490,1998,5.03
"508.1998",508,1998,0.74
"10778.1998",10778,1998,11
"123.1998",123,1998,29
"124.1998",124,1998,25
"125.1998",125,1998,49
"11015.1998",11015,1998,6
"6188.1998",6188,1998,0.7575
"11022.1998",11022,1998,21
"11023.1998",11023,1998,5
"11298.1998",11298,1998,49
"511.1998",511,1998,5.92
"11024.1998",11024,1998,10
"12685.1998",12685,1998,0.8253
"11019.1998",11019,1998,4
"11292.1998",11292,1998,15.1
"8076.1998",8076,1998,971
"10780.1998",10780,1998,5
"8221.1998",8221,1998,2
"11483.1999",11483,1999,11.4
"13287.1999",13287,1999,3
"12736.1999",12736,1999,3
"11485.1999",11485,1999,0.35
"11012.1999",11012,1999,10
"11486.1999",11486,1999,14.98
"9888.1999",9888,1999,11
"9864.1999",9864,1999,10
"11010.1999",11010,1999,10
"11021.1999",11021,1999,1
"11018.1999",11018,1999,1
"10705.1999",10705,1999,0.8
"11050.1999",11050,1999,8
"8485.1999",8485,1999,13.3
"4594.1999",4594,1999,31
"8103.1999",8103,1999,0
"11294.1999",11294,1999,6
"510.1999",510,1999,0.74
"2357.1999",2357,1999,1
"515.1999",515,1999,0.4
"595.1999",595,1999,0.24
"633.1999",633,1999,1.5
"518.1999",518,1999,0.5
"597.1999",597,1999,0.87
"635.1999",635,1999,5.5
"4837.1999",4837,1999,0.105
"4838.1999",4838,1999,2.6
"4839.1999",4839,1999,2.2
"4840.1999",4840,1999,0.4
"4842.1999",4842,1999,4.6
"2364.1999",2364,1999,4
"118.1999",118,1999,700
"11051.1999",11051,1999,6
"10776.1999",10776,1999,341
"4963.1999",4963,1999,320
"3422.1999",3422,1999,77.5
"11014.1999",11014,1999,5
"11017.1999",11017,1999,3
"22764.1999",22764,1999,2
"11491.1999",11491,1999,2.8
"506.1999",506,1999,0.35
"507.1999",507,1999,2.22
"10781.1999",10781,1999,12
"2356.1999",2356,1999,5
"11011.1999",11011,1999,6
"11016.1999",11016,1999,4
"18761.1999",18761,1999,34.3375
"18771.1999",18771,1999,82.2221
"11009.1999",11009,1999,4
"11008.1999",11008,1999,8
"11020.1999",11020,1999,5
"11490.1999",11490,1999,5.19
"10778.1999",10778,1999,12
"509.1999",509,1999,1.85
"4726.1999",4726,1999,94
"11015.1999",11015,1999,6
"6188.1999",6188,1999,1.065
"11022.1999",11022,1999,21
"11023.1999",11023,1999,6
"11298.1999",11298,1999,51
"511.1999",511,1999,5.92
"11024.1999",11024,1999,11
"12685.1999",12685,1999,0.6452
"11019.1999",11019,1999,6
"10782.1999",10782,1999,711
"8076.1999",8076,1999,1143
"10780.1999",10780,1999,6
"8221.1999",8221,1999,3
"11483.2000",11483,2000,8.03
"13287.2000",13287,2000,3
"12736.2000",12736,2000,5
"11485.2000",11485,2000,0.2
"11012.2000",11012,2000,7
"11486.2000",11486,2000,20.48
"9888.2000",9888,2000,0
"9864.2000",9864,2000,4
"11010.2000",11010,2000,4
"11021.2000",11021,2000,2
"11018.2000",11018,2000,2
"18002.2000",18002,2000,1.18
"10705.2000",10705,2000,1.7
"11050.2000",11050,2000,8
"8485.2000",8485,2000,19.3
"18306.2000",18306,2000,225
"4594.2000",4594,2000,50
"8103.2000",8103,2000,0
"11756.2000",11756,2000,0.153235
"11758.2000",11758,2000,0.122588
"11760.2000",11760,2000,0.0153
"11761.2000",11761,2000,0.030647
"11775.2000",11775,2000,0.122588
"11776.2000",11776,2000,0.0153
"11772.2000",11772,2000,0.214529
"6147.2000",6147,2000,4.5
"6146.2000",6146,2000,7.4
"6148.2000",6148,2000,3.7
"119.2000",119,2000,350
"528.2000",528,2000,40
"11294.2000",11294,2000,11.5
"639.2000",639,2000,250
"510.2000",510,2000,0.74
"2357.2000",2357,2000,4
"529.2000",529,2000,150
"17837.2000",17837,2000,1.49
"526.2000",526,2000,900
"527.2000",527,2000,20
"519.2000",519,2000,250
"530.2000",530,2000,50
"10493.2000",10493,2000,0.41
"638.2000",638,2000,700
"532.2000",532,2000,900
"533.2000",533,2000,1750
"4837.2000",4837,2000,0.12
"4838.2000",4838,2000,3.2
"4839.2000",4839,2000,2.45
"4840.2000",4840,2000,0.5
"4842.2000",4842,2000,5.5
"531.2000",531,2000,3000
"522.2000",522,2000,450
"525.2000",525,2000,650
"523.2000",523,2000,12
"524.2000",524,2000,15.5
"2364.2000",2364,2000,3
"520.2000",520,2000,2100
"10776.2000",10776,2000,278
"521.2000",521,2000,35
"4963.2000",4963,2000,435
"11049.2000",11049,2000,432
"492.2000",492,2000,1000
"10755.2000",10755,2000,20
"11014.2000",11014,2000,4
"11017.2000",11017,2000,4
"22764.2000",22764,2000,2
"11491.2000",11491,2000,1.86
"506.2000",506,2000,1.48
"507.2000",507,2000,2.22
"10781.2000",10781,2000,11
"11284.2000",11284,2000,0
"2356.2000",2356,2000,0.01
"11011.2000",11011,2000,5
"22725.2000",22725,2000,0.99
"22722.2000",22722,2000,1.89
"22723.2000",22723,2000,1.08
"11016.2000",11016,2000,4
"18761.2000",18761,2000,42.0384
"18771.2000",18771,2000,72.6996
"11009.2000",11009,2000,5
"11008.2000",11008,2000,10
"11020.2000",11020,2000,4
"11490.2000",11490,2000,5.9
"508.2000",508,2000,0.74
"10778.2000",10778,2000,7
"509.2000",509,2000,0.74
"11015.2000",11015,2000,5
"6188.2000",6188,2000,0.8975
"11022.2000",11022,2000,23
"11023.2000",11023,2000,5
"11298.2000",11298,2000,62
"511.2000",511,2000,5.18
"11275.2000",11275,2000,25
"11024.2000",11024,2000,13
"12685.2000",12685,2000,0.5051
"11019.2000",11019,2000,4
"11292.2000",11292,2000,2.4
"8076.2000",8076,2000,876
"10780.2000",10780,2000,5
"8221.2000",8221,2000,4
"11483.2001",11483,2001,12.09
"13287.2001",13287,2001,4
"12736.2001",12736,2001,15
"12737.2001",12737,2001,10
"11485.2001",11485,2001,1.1
"11012.2001",11012,2001,6
"9888.2001",9888,2001,8
"9864.2001",9864,2001,21
"11010.2001",11010,2001,5
"11021.2001",11021,2001,2
"11018.2001",11018,2001,1
"18002.2001",18002,2001,1
"11050.2001",11050,2001,8
"8485.2001",8485,2001,19.3
"9950.2001",9950,2001,25
"9951.2001",9951,2001,10
"8103.2001",8103,2001,0
"11294.2001",11294,2001,14.8
"510.2001",510,2001,0.35
"2357.2001",2357,2001,2
"578.2001",578,2001,92
"584.2001",584,2001,900
"589.2001",589,2001,400
"17837.2001",17837,2001,4.13
"586.2001",586,2001,648
"585.2001",585,2001,103
"588.2001",588,2001,120
"579.2001",579,2001,24
"10493.2001",10493,2001,0.37
"10765.2001",10765,2001,30
"4837.2001",4837,2001,0.22
"4838.2001",4838,2001,2.9
"4839.2001",4839,2001,2.3
"4840.2001",4840,2001,0.42
"4842.2001",4842,2001,4.5
"590.2001",590,2001,2050
"577.2001",577,2001,14
"583.2001",583,2001,180
"3504.2001",3504,2001,609
"3505.2001",3505,2001,206
"582.2001",582,2001,870
"580.2001",580,2001,30
"581.2001",581,2001,330
"2358.2001",2358,2001,3
"2364.2001",2364,2001,5
"587.2001",587,2001,255
"10776.2001",10776,2001,269
"576.2001",576,2001,100
"4963.2001",4963,2001,570
"234.2001",234,2001,3642
"11014.2001",11014,2001,3
"11017.2001",11017,2001,4
"22764.2001",22764,2001,5
"506.2001",506,2001,0.74
"507.2001",507,2001,3.7
"10781.2001",10781,2001,13
"4894.2001",4894,2001,223
"11284.2001",11284,2001,9
"11276.2001",11276,2001,9
"11278.2001",11278,2001,3
"2356.2001",2356,2001,16
"11011.2001",11011,2001,6
"22722.2001",22722,2001,2.84
"22723.2001",22723,2001,5.42
"22724.2001",22724,2001,0.98
"11016.2001",11016,2001,4
"18761.2001",18761,2001,2.5951
"18771.2001",18771,2001,2.8667
"11009.2001",11009,2001,5
"11008.2001",11008,2001,11
"11020.2001",11020,2001,4
"508.2001",508,2001,0.74
"10778.2001",10778,2001,8
"509.2001",509,2001,0.74
"11015.2001",11015,2001,7
"6188.2001",6188,2001,0.945
"11022.2001",11022,2001,17
"11023.2001",11023,2001,7
"11298.2001",11298,2001,78
"511.2001",511,2001,4.44
"11024.2001",11024,2001,11
"12685.2001",12685,2001,0.6559
"11019.2001",11019,2001,4
"11292.2001",11292,2001,6.1
"8076.2001",8076,2001,1144
"10780.2001",10780,2001,6
"10684.2001",10684,2001,6
"8221.2001",8221,2001,6
"11483.2002",11483,2002,12.97
"13287.2002",13287,2002,2
"12736.2002",12736,2002,14
"12737.2002",12737,2002,5
"11485.2002",11485,2002,0.75
"11012.2002",11012,2002,7
"9888.2002",9888,2002,20
"9864.2002",9864,2002,10
"11010.2002",11010,2002,4
"11021.2002",11021,2002,9
"11018.2002",11018,2002,1
"10690.2002",10690,2002,9
"8103.2002",8103,2002,1
"11756.2002",11756,2002,0.11215
"11758.2002",11758,2002,0.336514
"11760.2002",11760,2002,0.03739
"11761.2002",11761,2002,0.11215
"11775.2002",11775,2002,0.149562
"11776.2002",11776,2002,0.03739
"11772.2002",11772,2002,0.074766
"17837.2002",17837,2002,2.57
"4837.2002",4837,2002,0.14
"4838.2002",4838,2002,2.4
"4839.2002",4839,2002,2.5
"4840.2002",4840,2002,0.3
"4842.2002",4842,2002,4
"3504.2002",3504,2002,550
"3505.2002",3505,2002,145
"2360.2002",2360,2002,56
"2358.2002",2358,2002,3
"2364.2002",2364,2002,3
"10776.2002",10776,2002,273
"22721.2002",22721,2002,1021
"11014.2002",11014,2002,3
"11017.2002",11017,2002,6
"10781.2002",10781,2002,12
"4894.2002",4894,2002,157
"11284.2002",11284,2002,15
"11276.2002",11276,2002,15
"11278.2002",11278,2002,5
"2356.2002",2356,2002,6
"11011.2002",11011,2002,6
"22722.2002",22722,2002,1.89
"22723.2002",22723,2002,3.25
"22724.2002",22724,2002,0.98
"11016.2002",11016,2002,4
"18761.2002",18761,2002,13.4112
"18771.2002",18771,2002,2.8778
"11009.2002",11009,2002,6
"11008.2002",11008,2002,12
"11020.2002",11020,2002,5
"10778.2002",10778,2002,11
"125.2002",125,2002,35
"11015.2002",11015,2002,3
"10691.2002",10691,2002,18
"11022.2002",11022,2002,17
"11023.2002",11023,2002,5
"11298.2002",11298,2002,80
"11024.2002",11024,2002,5
"12685.2002",12685,2002,0.8056
"11019.2002",11019,2002,5
"8076.2002",8076,2002,968
"10780.2002",10780,2002,5
"10684.2002",10684,2002,6
"8221.2002",8221,2002,5
"11483.2003",11483,2003,7.1
"13287.2003",13287,2003,2
"12736.2003",12736,2003,8
"12737.2003",12737,2003,6
"11485.2003",11485,2003,0.83
"11012.2003",11012,2003,8
"9888.2003",9888,2003,18
"9864.2003",9864,2003,7
"11010.2003",11010,2003,6
"11021.2003",11021,2003,6
"11018.2003",11018,2003,1
"10685.2003",10685,2003,26
"10690.2003",10690,2003,11
"18306.2003",18306,2003,258
"8103.2003",8103,2003,0
"6147.2003",6147,2003,0
"6146.2003",6146,2003,3.8
"6148.2003",6148,2003,3.8
"17837.2003",17837,2003,1.56
"4837.2003",4837,2003,0.15
"4838.2003",4838,2003,2.5
"4839.2003",4839,2003,3
"4840.2003",4840,2003,0.4
"4842.2003",4842,2003,3.7
"13479.2003",13479,2003,600
"3504.2003",3504,2003,506
"3505.2003",3505,2003,175
"2360.2003",2360,2003,45
"2358.2003",2358,2003,3
"10776.2003",10776,2003,307
"11014.2003",11014,2003,5
"11017.2003",11017,2003,4
"10781.2003",10781,2003,12
"11284.2003",11284,2003,14
"11276.2003",11276,2003,14
"11278.2003",11278,2003,8
"18295.2003",18295,2003,37
"2356.2003",2356,2003,2
"11011.2003",11011,2003,4
"22722.2003",22722,2003,0.95
"22723.2003",22723,2003,2.17
"22724.2003",22724,2003,3.91
"11016.2003",11016,2003,5
"18761.2003",18761,2003,6.1588
"18771.2003",18771,2003,5.5831
"11009.2003",11009,2003,5
"11008.2003",11008,2003,9
"11020.2003",11020,2003,5
"10778.2003",10778,2003,10
"11015.2003",11015,2003,7
"10691.2003",10691,2003,21
"11022.2003",11022,2003,16
"11023.2003",11023,2003,7
"11298.2003",11298,2003,76
"8081.2003",8081,2003,680
"11275.2003",11275,2003,29
"11024.2003",11024,2003,7
"12685.2003",12685,2003,0.9163
"11019.2003",11019,2003,6
"8076.2003",8076,2003,967
"10780.2003",10780,2003,5
"10684.2003",10684,2003,8
"8221.2003",8221,2003,8
"13287.2004",13287,2004,2
"11012.2004",11012,2004,5
"6128.2004",6128,2004,5.5
"9888.2004",9888,2004,28
"9864.2004",9864,2004,8
"11010.2004",11010,2004,7
"11021.2004",11021,2004,5
"11018.2004",11018,2004,2
"10690.2004",10690,2004,13
"19795.2004",19795,2004,2.22
"10079.2004",10079,2004,9.76
"10080.2004",10080,2004,3.31
"10520.2004",10520,2004,0.055
"126.2004",126,2004,88
"18306.2004",18306,2004,250
"8103.2004",8103,2004,1
"11756.2004",11756,2004,0.078639
"11758.2004",11758,2004,0.157278
"11760.2004",11760,2004,0.078639
"11761.2004",11761,2004,0.03932
"11775.2004",11775,2004,0.078639
"11776.2004",11776,2004,0.03932
"11772.2004",11772,2004,0.117959
"17837.2004",17837,2004,0.54
"4837.2004",4837,2004,0.22
"4838.2004",4838,2004,3
"4839.2004",4839,2004,2.9
"4840.2004",4840,2004,0.53
"4842.2004",4842,2004,3.6
"3504.2004",3504,2004,667
"3505.2004",3505,2004,197
"2360.2004",2360,2004,43
"2358.2004",2358,2004,4
"8200.2004",8200,2004,3
"11014.2004",11014,2004,3
"11017.2004",11017,2004,2
"10781.2004",10781,2004,12
"11284.2004",11284,2004,19
"11276.2004",11276,2004,19
"11278.2004",11278,2004,11
"10683.2004",10683,2004,34
"18295.2004",18295,2004,32
"10555.2004",10555,2004,9.1
"2356.2004",2356,2004,14
"11011.2004",11011,2004,5
"22725.2004",22725,2004,0.99
"22723.2004",22723,2004,1.08
"11016.2004",11016,2004,5
"18761.2004",18761,2004,4.9293
"18771.2004",18771,2004,6.4231
"11009.2004",11009,2004,4
"11008.2004",11008,2004,10
"11020.2004",11020,2004,5
"10778.2004",10778,2004,8
"11015.2004",11015,2004,5
"10691.2004",10691,2004,23
"11022.2004",11022,2004,12
"11023.2004",11023,2004,5
"8081.2004",8081,2004,695
"11024.2004",11024,2004,3
"12685.2004",12685,2004,0.827
"11019.2004",11019,2004,5
"8076.2004",8076,2004,872
"10780.2004",10780,2004,5
"10684.2004",10684,2004,8
"8221.2004",8221,2004,12
"13287.2005",13287,2005,3
"11012.2005",11012,2005,5
"9888.2005",9888,2005,24
"9864.2005",9864,2005,8
"11010.2005",11010,2005,9
"11021.2005",11021,2005,7
"11018.2005",11018,2005,2
"10690.2005",10690,2005,13
"18495.2005",18495,2005,0.5422
"18678.2005",18678,2005,0.1791
"18681.2005",18681,2005,1.0026
"10079.2005",10079,2005,8.68
"10080.2005",10080,2005,2.67
"10520.2005",10520,2005,0.067
"18306.2005",18306,2005,290
"8103.2005",8103,2005,0
"6147.2005",6147,2005,18.2
"6146.2005",6146,2005,0
"6148.2005",6148,2005,11.1
"4837.2005",4837,2005,0.21
"4838.2005",4838,2005,2.9
"4839.2005",4839,2005,2.8
"4840.2005",4840,2005,0.33
"4842.2005",4842,2005,3
"3504.2005",3504,2005,539
"3505.2005",3505,2005,153
"605.2005",605,2005,465
"11014.2005",11014,2005,2
"11017.2005",11017,2005,5
"10781.2005",10781,2005,14
"11284.2005",11284,2005,18
"11276.2005",11276,2005,18
"11278.2005",11278,2005,15
"10683.2005",10683,2005,39
"18500.2005",18500,2005,0.235
"10555.2005",10555,2005,8.5
"11011.2005",11011,2005,8
"11016.2005",11016,2005,5
"18761.2005",18761,2005,6.6074
"18771.2005",18771,2005,11.4082
"11009.2005",11009,2005,6
"11008.2005",11008,2005,12
"11020.2005",11020,2005,8
"10778.2005",10778,2005,7
"123.2005",123,2005,23
"11479.2005",11479,2005,2.58
"11015.2005",11015,2005,5
"18483.2005",18483,2005,0.413
"10691.2005",10691,2005,28
"11022.2005",11022,2005,19
"11023.2005",11023,2005,6
"11298.2005",11298,2005,92
"8081.2005",8081,2005,675
"11024.2005",11024,2005,8
"11019.2005",11019,2005,7
"10782.2005",10782,2005,809
"10780.2005",10780,2005,4
"10684.2005",10684,2005,12
"8221.2005",8221,2005,6
"13287.2006",13287,2006,4
"11012.2006",11012,2006,4
"9888.2006",9888,2006,16
"9864.2006",9864,2006,8
"18251.2006",18251,2006,2.2
"11010.2006",11010,2006,5
"11021.2006",11021,2006,5
"11031.2006",11031,2006,6
"11018.2006",11018,2006,1
"11028.2006",11028,2006,164
"10690.2006",10690,2006,11
"18495.2006",18495,2006,0.331
"18678.2006",18678,2006,0.5567
"18681.2006",18681,2006,0.6436
"19795.2006",19795,2006,1.7
"10079.2006",10079,2006,3
"10080.2006",10080,2006,5.17
"11026.2006",11026,2006,14
"11030.2006",11030,2006,95
"10520.2006",10520,2006,0.194
"8103.2006",8103,2006,1
"11756.2006",11756,2006,0.0263
"11758.2006",11758,2006,0.473572
"11760.2006",11760,2006,0.157857
"11761.2006",11761,2006,0.157857
"11775.2006",11775,2006,0.105238
"11776.2006",11776,2006,0.0263
"11772.2006",11772,2006,0.210477
"6147.2006",6147,2006,3.8
"6146.2006",6146,2006,15.6
"6148.2006",6148,2006,4.5
"11046.2006",11046,2006,6
"11043.2006",11043,2006,46
"11033.2006",11033,2006,15
"11044.2006",11044,2006,70
"11042.2006",11042,2006,76
"11038.2006",11038,2006,26
"11039.2006",11039,2006,45
"11040.2006",11040,2006,95
"11041.2006",11041,2006,290
"11037.2006",11037,2006,103
"11036.2006",11036,2006,300
"11035.2006",11035,2006,32
"11014.2006",11014,2006,3
"11017.2006",11017,2006,4
"10781.2006",10781,2006,14
"2232.2006",2232,2006,2000
"10683.2006",10683,2006,43
"18500.2006",18500,2006,0.28
"10555.2006",10555,2006,6.5
"11011.2006",11011,2006,5
"11016.2006",11016,2006,6
"18761.2006",18761,2006,9.9468
"18771.2006",18771,2006,21.5745
"11009.2006",11009,2006,6
"11008.2006",11008,2006,11
"11020.2006",11020,2006,7
"4726.2006",4726,2006,43
"123.2006",123,2006,26
"11015.2006",11015,2006,6
"18483.2006",18483,2006,0.985
"10691.2006",10691,2006,30
"11022.2006",11022,2006,16
"11023.2006",11023,2006,6
"11298.2006",11298,2006,94
"11024.2006",11024,2006,6
"11019.2006",11019,2006,4
"10780.2006",10780,2006,4
"10684.2006",10684,2006,15
"8221.2006",8221,2006,6
"13287.2007",13287,2007,5
"11012.2007",11012,2007,6
"9888.2007",9888,2007,12
"9864.2007",9864,2007,5
"18251.2007",18251,2007,2.9
"11010.2007",11010,2007,5
"11021.2007",11021,2007,3
"11018.2007",11018,2007,1
"10690.2007",10690,2007,15
"18495.2007",18495,2007,0.2205
"18678.2007",18678,2007,0.2201
"18681.2007",18681,2007,0.5124
"10079.2007",10079,2007,2.07
"10080.2007",10080,2007,5.81
"18306.2007",18306,2007,300
"11047.2007",11047,2007,46
"8103.2007",8103,2007,1
"11048.2007",11048,2007,250
"8200.2007",8200,2007,8
"11014.2007",11014,2007,3
"11017.2007",11017,2007,3
"10781.2007",10781,2007,15
"11512.2007",11512,2007,0.2542
"18027.2007",18027,2007,18
"11513.2007",11513,2007,0.1999
"10555.2007",10555,2007,5.5
"11011.2007",11011,2007,4
"11016.2007",11016,2007,4
"18761.2007",18761,2007,16.194
"18771.2007",18771,2007,39.2018
"11009.2007",11009,2007,5
"11008.2007",11008,2007,12
"11020.2007",11020,2007,4
"18028.2007",18028,2007,9
"11514.2007",11514,2007,0.1806
"123.2007",123,2007,17
"11015.2007",11015,2007,6
"18483.2007",18483,2007,3.464
"10691.2007",10691,2007,30
"11022.2007",11022,2007,26
"11023.2007",11023,2007,7
"11298.2007",11298,2007,117
"11275.2007",11275,2007,30
"11024.2007",11024,2007,5
"11019.2007",11019,2007,5
"11518.2007",11518,2007,0.1384
"11515.2007",11515,2007,0.1862
"11495.2007",11495,2007,0.1333
"11516.2007",11516,2007,0.3014
"10780.2007",10780,2007,5
"8221.2007",8221,2007,12
"13287.2008",13287,2008,4
"11012.2008",11012,2008,5
"11010.2008",11010,2008,5
"11021.2008",11021,2008,5
"11018.2008",11018,2008,0
"10690.2008",10690,2008,19
"18495.2008",18495,2008,0.1074
"18678.2008",18678,2008,0.3317
"18681.2008",18681,2008,1.0045
"11047.2008",11047,2008,61
"8032.2008",8032,2008,1
"22720.2008",22720,2008,11118
"11014.2008",11014,2008,2
"11017.2008",11017,2008,4
"11512.2008",11512,2008,0.1905
"18027.2008",18027,2008,24
"11513.2008",11513,2008,0.2398
"10555.2008",10555,2008,3.4
"11011.2008",11011,2008,4
"11016.2008",11016,2008,4
"18761.2008",18761,2008,19.3265
"18771.2008",18771,2008,16.4149
"11009.2008",11009,2008,5
"11008.2008",11008,2008,9
"11020.2008",11020,2008,6
"18028.2008",18028,2008,13
"11514.2008",11514,2008,0.1833
"123.2008",123,2008,19
"11517.2008",11517,2008,0.2732
"11015.2008",11015,2008,5
"10691.2008",10691,2008,40
"11022.2008",11022,2008,20
"11023.2008",11023,2008,5
"11024.2008",11024,2008,8
"11019.2008",11019,2008,5
"11518.2008",11518,2008,0.2184
"11515.2008",11515,2008,0.2522
"11495.2008",11495,2008,0.1686
"11516.2008",11516,2008,0.2901
"18880.2008",18880,2008,0
"8221.2008",8221,2008,14
"11012.2009",11012,2009,3
"11010.2009",11010,2009,5
"11021.2009",11021,2009,3
"11018.2009",11018,2009,0
"10690.2009",10690,2009,21
"18306.2009",18306,2009,200
"11047.2009",11047,2009,64
"25558.2009",25558,2009,121
"11014.2009",11014,2009,2
"11017.2009",11017,2009,1
"11512.2009",11512,2009,0.0851
"18027.2009",18027,2009,27
"11513.2009",11513,2009,0.2971
"10697.2009",10697,2009,3
"10555.2009",10555,2009,3.9
"11011.2009",11011,2009,3
"11016.2009",11016,2009,4
"18761.2009",18761,2009,8.3359
"18771.2009",18771,2009,21.4003
"11009.2009",11009,2009,4
"11008.2009",11008,2009,8
"11020.2009",11020,2009,3
"18028.2009",18028,2009,13
"11514.2009",11514,2009,0.2028
"11517.2009",11517,2009,0.3195
"11015.2009",11015,2009,1
"10691.2009",10691,2009,40
"11022.2009",11022,2009,8
"11023.2009",11023,2009,5
"11024.2009",11024,2009,5
"11019.2009",11019,2009,1
"11518.2009",11518,2009,0.2366
"11515.2009",11515,2009,0.2492
"11519.2009",11519,2009,0.6429
"11495.2009",11495,2009,0.2727
"11516.2009",11516,2009,0.4573
"18880.2009",18880,2009,0.0154
"8221.2009",8221,2009,13
"11012.2010",11012,2010,4
"18772.2010",18772,2010,0.12
"11010.2010",11010,2010,4
"11021.2010",11021,2010,7
"11031.2010",11031,2010,5
"11018.2010",11018,2010,0
"11028.2010",11028,2010,214
"10690.2010",10690,2010,23
"18495.2010",18495,2010,0.2219
"18678.2010",18678,2010,0.4434
"18681.2010",18681,2010,0.3423
"11026.2010",11026,2010,11
"11030.2010",11030,2010,112
"230.2010",230,2010,310
"11047.2010",11047,2010,64
"11756.2010",11756,2010,0.056497
"11758.2010",11758,2010,0.112994
"11760.2010",11760,2010,0.056497
"11761.2010",11761,2010,0.01
"11775.2010",11775,2010,0.338983
"11776.2010",11776,2010,0.056497
"11772.2010",11772,2010,0.338983
"11046.2010",11046,2010,5
"11043.2010",11043,2010,71
"11033.2010",11033,2010,9
"11044.2010",11044,2010,143
"11042.2010",11042,2010,163
"11038.2010",11038,2010,26
"11039.2010",11039,2010,32
"11040.2010",11040,2010,72
"11041.2010",11041,2010,300
"13479.2010",13479,2010,416
"11037.2010",11037,2010,169
"11036.2010",11036,2010,257
"11035.2010",11035,2010,36
"11014.2010",11014,2010,3
"11017.2010",11017,2010,2
"11512.2010",11512,2010,0.1303
"18027.2010",18027,2010,27
"11513.2010",11513,2010,0.2479
"10697.2010",10697,2010,3
"11011.2010",11011,2010,4
"11016.2010",11016,2010,6
"18761.2010",18761,2010,8.7678
"18771.2010",18771,2010,22.0331
"11009.2010",11009,2010,5
"11008.2010",11008,2010,8
"11020.2010",11020,2010,5
"18028.2010",18028,2010,12
"11514.2010",11514,2010,0.1816
"11517.2010",11517,2010,0.2561
"11015.2010",11015,2010,4
"10691.2010",10691,2010,43
"11022.2010",11022,2010,14
"11023.2010",11023,2010,4
"11024.2010",11024,2010,7
"11019.2010",11019,2010,3
"11518.2010",11518,2010,0.2013
"11515.2010",11515,2010,0.2941
"11519.2010",11519,2010,0.5007
"11495.2010",11495,2010,0.3705
"11516.2010",11516,2010,0.3208
"18880.2010",18880,2010,0.0651
"19696.2011",19696,2011,175.6
"18772.2011",18772,2011,0.11
"18495.2011",18495,2011,0.1992
"18678.2011",18678,2011,0.4006
"18681.2011",18681,2011,1.0021
"11047.2011",11047,2011,62
"11756.2011",11756,2011,0.189155
"11758.2011",11758,2011,0.126103
"11760.2011",11760,2011,0.01
"11761.2011",11761,2011,0.126103
"11775.2011",11775,2011,0.252207
"11776.2011",11776,2011,0.01
"11772.2011",11772,2011,0.504414
"11512.2011",11512,2011,0.1149
"18027.2011",18027,2011,22
"11513.2011",11513,2011,0.256
"18761.2011",18761,2011,1.7231
"18771.2011",18771,2011,16.0343
"18028.2011",18028,2011,9
"11514.2011",11514,2011,0.166
"11517.2011",11517,2011,0.3417
"11518.2011",11518,2011,0.2011
"11515.2011",11515,2011,0.2925
"11519.2011",11519,2011,0.5695
"11495.2011",11495,2011,0.3714
"11516.2011",11516,2011,0.2405
"18880.2011",18880,2011,0.0462
"19696.2012",19696,2012,203.2
"18495.2012",18495,2012,0.2873
"18678.2012",18678,2012,0.7139
"18681.2012",18681,2012,1.002
"11756.2012",11756,2012,0.01
"11758.2012",11758,2012,0.01
"11760.2012",11760,2012,0.132363
"11761.2012",11761,2012,0.01
"11775.2012",11775,2012,0.330907
"11776.2012",11776,2012,0.01
"11772.2012",11772,2012,0.330907
"22721.2012",22721,2012,691
"19692.2012",19692,2012,31
"18027.2012",18027,2012,29
"18761.2012",18761,2012,2.9859
"18771.2012",18771,2012,14.3874
"18028.2012",18028,2012,16
"18880.2012",18880,2012,0.0777
"19696.2013",19696,2013,86.7
"19712.2013",19712,2013,25.485
"18597.2013",18597,2013,0.315
"21779.2013",21779,2013,3000
"22720.2013",22720,2013,11189
"25558.2013",25558,2013,198
"19692.2013",19692,2013,3
"18761.2013",18761,2013,6.3254
"18771.2013",18771,2013,18.9579
"19696.2014",19696,2014,82.4
"19712.2014",19712,2014,28.182
"18495.2014",18495,2014,0.3012
"18678.2014",18678,2014,0
"18681.2014",18681,2014,1.0018
"18597.2014",18597,2014,0.32
"21779.2014",21779,2014,2600
"19692.2014",19692,2014,15
